1|Марипов: Проблемы жителей приграничных районов нужно решать не только на бумаге
2|Состоялась церемония официальной встречи Садыра Жапарова с Касым-Жомартом Токаевым
3|Жылдызкан Жолдошева: Когда примут новую Конституцию, не будет баланса трех ветвей власти
4|В Бишкеке задержан влиятельный член ОПГ по кличке Улан Узун (фото)
5|В Минобразе объяснили, почему призеры олимпиады не получили обещанные ноутбуки
6|Садыр Жапаров прибыл в Нур-Султан. Кто его встретил?
7|Садыр Жапаров отправился в Казахстан с официальным визитом
8|В Узгене автомобиль врезался в мечеть
9|Замир Жоошев: По моим данным, Омурбек Текебаев и Омурбек Бабанов до сих пор не допрошены в рамках уголовного дела об октябрьских беспорядках
10|Раушан Айткулова: Судья, вынесший решение о блокировке Change.org, должен быть отстранен от должности
11|На 2 марта 57 новых случаев COVID-19 и пневмонии в Кыргызстане
12|Сборная КР по стрельбе из лука заняла 3-е место на международном турнире​
13|Иностранца привезли на кладбище и, угрожая ножом, потребовали 5 100 долларов США (фото)
14|Разработано приложение, которое показывает ближайшие лаборатории, где можно сдать анализ на COVID-19
15|С 15 марта центры обслуживания населения начнут выдавать сведения о недвижимости и земельных объектах
16|Водителя, сбившего дворника «Тазалыка», нашли (фото)
17|На выборах депутатов местных кенешей впервые будет соблюден принцип рецензирования мандатов по гендерному равенству
18|Исмаил Исаков: Возможно, Ташиев пытается помешать Тюлееву участвовать в выборах
19|ГКНБ показал имущество родственника Сооронбая Жээнбекова – депутата Алиярбека Абжалиева (фото)
20|Экс-глава Госкомрелигий утверждает, что сотрудники ГКНБ и МВД ездили на хадж за деньги паломников
21|Японские компании готовы открыть в Кыргызстане школу для обучения детей IT-технологиям
22|Кыргызстанцы теперь могут получать результаты ПЦР-теста на свои смартфоны
23|В ГКНБ обеспокоены тем, что партия главы Ошской области намерена участвовать в выборах
24|ГКНБ задержал в Оше мужчин, которые представлялись членами ОПГ и вымогали у бизнесмена деньги (фото)
25|В Минобразе пообещали победителям олимпиады ноутбуки, а в итоге не отвечают на звонки (фото)
26|Садыр Жапаров сказал, что парламентские выборы пройдут осенью 2021 года
27|Садыр Жапаров рассказал, что с детства мечтал быть похожим на Леонида Брежнева
28|Экс-замминистра экономики опасается, что временное госрегулирование цен на подсолнечное масло и сахар превратится в коррупцию
29|Улукбек Марипов: Горнодобывающий сектор – одно из приоритетных направлений в деятельности правительства
30|Дамир Мусакеев о Сооронбае Жээнбекове: Более мелочного руководителя я не встречал
